day,Q-E,PH-E,DBO-E,DQO-E,SS-E,SED-E,COND-E,DBO-S,DQO-S,SS-S,RD-DBO-G
1990-01-01,35914.15,7.54,141.79,409.29,,5.33,2141.49,4.43,20.46,5.52,96.88
1990-01-02,33390.62,7.58,251.59,478.66,242.1,5.51,1834.16,23.07,58.46,20.69,90.83
1990-01-03,39212.75,7.97,208.32,396.94,253.92,3.53,1857.21,21.09,42.42,21.89,89.87
1990-01-04,38912.4,7.39,211.66,,251.42,5.01,2032.86,29.32,79.38,28.52,86.15
1990-01-05,28778.72,7.22,191.69,301.63,257.94,3.19,1782.96,21.49,36.08,32.68,88.79
1990-01-06,29854.38,7.37,197.3,239.37,218.61,3.57,2017.73,10.23,19.39,13.74,94.82
1990-01-07,34594.83,7.64,179.36,475.48,235.45,3.12,1882.42,17.23,33.59,28.5,90.39
1990-01-08,34772.52,7.03,245.7,360.67,214.35,2.72,1706.12,26.88,62.48,17.59,89.06
1990-01-09,37180.57,7.69,188.9,417.86,241.41,6.1,1708.63,17.12,60.35,18.26,90.94
1990-01-10,35121.59,7.34,247.5,358.69,247.18,5.53,,31.97,57.67,26.96,87.08
1990-01-11,39446.94,7.84,179.51,345.42,244.75,5.96,1868.72,20.0,49.56,31.82,88.86
1990-01-12,37681.75,6.78,190.21,412.48,257.67,4.56,2228.07,17.82,39.04,12.36,90.63
1990-01-13,34673.85,7.26,148.99,361.94,240.61,5.67,1797.27,13.26,51.53,21.94,91.1
1990-01-14,38305.96,6.99,205.42,445.45,221.36,1.86,1958.24,,55.6,19.82,89.71
1990-01-15,37834.56,7.25,250.13,,195.52,5.79,2378.54,27.08,58.85,15.87,89.17
1990-01-16,35361.54,7.57,206.89,,247.54,4.77,1688.52,17.25,52.64,23.05,91.66
1990-01-17,39492.87,7.45,205.69,481.86,246.96,5.44,1520.44,,77.4,25.27,89.86
1990-01-18,34635.24,7.42,167.73,563.94,249.63,5.07,2157.32,13.98,53.69,17.42,91.66
1990-01-19,38683.89,7.45,188.97,359.25,328.03,3.02,1734.64,18.93,41.53,10.84,89.98
1990-01-20,35022.97,7.56,135.4,418.46,197.87,2.25,1895.86,8.3,37.38,8.96,93.87
1990-01-21,35063.25,7.2,162.17,507.53,244.15,3.43,1782.82,13.37,60.07,9.85,91.75
1990-01-22,35079.27,7.71,,536.81,285.76,5.35,1953.63,20.71,71.47,18.16,90.23
1990-01-23,42293.27,7.7,260.34,,254.62,5.54,1709.89,28.13,55.18,23.09,89.2
1990-01-24,38605.26,7.62,315.45,452.39,359.11,2.45,1864.01,59.5,97.63,71.25,81.14
1990-01-25,36904.94,7.67,190.74,557.6,229.57,3.03,1989.96,15.81,68.17,11.86,91.71
1990-01-26,35665.77,7.59,251.72,478.53,248.94,3.42,1698.34,31.75,87.63,36.37,87.38
1990-01-27,37438.71,8.11,204.14,444.89,191.07,3.96,1759.98,19.45,69.52,10.18,90.47
1990-01-28,37378.41,7.47,193.25,421.86,214.87,2.46,1830.52,12.8,51.17,11.23,93.37
1990-01-29,39019.5,7.41,223.68,430.22,254.38,2.37,1614.24,21.52,56.69,35.42,90.38
1990-01-30,40572.16,7.27,220.7,497.24,293.75,3.27,1815.49,24.0,74.22,31.0,89.13
1990-01-31,46142.47,7.19,225.31,465.23,273.67,4.63,1923.76,25.34,68.92,24.46,88.76
1990-02-01,37613.77,7.13,201.26,468.13,308.6,2.73,1820.09,22.23,65.75,32.47,88.95
1990-02-02,35822.77,7.23,156.8,456.96,235.39,,1845.72,9.37,51.32,8.35,94.02
1990-02-03,34031.84,7.48,145.79,392.18,217.33,6.09,,6.7,22.21,11.51,95.41
1990-02-04,38755.25,7.6,225.58,482.68,357.57,2.55,1768.85,27.24,80.19,48.95,87.92
1990-02-05,41787.13,7.52,202.98,669.33,266.08,4.19,2038.21,21.39,103.1,25.75,89.46
1990-02-06,39550.26,7.27,201.75,360.84,228.39,6.04,2187.2,12.57,33.43,11.8,93.77
1990-02-07,37802.76,7.77,225.79,513.66,233.12,3.87,1807.12,21.09,87.38,21.06,90.66
1990-02-08,36958.41,7.72,247.37,425.88,,3.64,1997.04,21.08,60.05,10.87,91.48
1990-02-09,39903.07,7.45,215.99,499.77,286.74,6.25,1852.08,23.21,63.89,32.82,89.25
1990-02-10,39287.49,7.3,180.76,450.7,220.75,4.04,1973.1,13.74,67.95,13.19,92.4
1990-02-11,39113.94,7.66,249.48,506.46,246.44,6.16,2213.16,31.56,73.0,28.37,87.35
1990-02-12,36973.28,7.56,271.74,555.22,250.22,5.14,2001.73,28.6,63.87,31.63,89.47
1990-02-13,41150.44,7.07,243.67,506.19,298.37,3.99,1545.32,17.72,60.8,26.59,92.73
1990-02-14,41227.24,7.48,263.26,577.61,230.87,5.22,1990.8,31.61,89.09,25.36,87.99
1990-02-15,40633.81,7.58,266.65,322.27,213.08,4.98,2146.57,27.99,39.51,11.79,89.5
1990-02-16,41103.24,7.23,252.81,577.85,259.17,6.03,1855.68,32.41,102.59,27.63,87.18
1990-02-17,38257.78,7.56,228.74,480.75,268.6,3.68,2099.13,27.62,68.93,39.02,87.93
1990-02-18,40041.95,7.06,230.98,535.52,260.01,4.56,1761.98,18.39,71.26,34.28,92.04
1990-02-19,39684.57,7.9,,394.37,220.92,4.41,1602.89,26.89,64.09,19.51,88.7
1990-02-20,41824.49,7.87,191.31,441.27,300.13,,1928.23,22.53,76.66,32.92,88.23
1990-02-21,43265.22,7.42,257.0,515.17,239.62,2.96,1548.7,37.84,92.92,27.41,85.28
1990-02-22,36091.3,7.61,178.96,491.64,242.05,6.03,1852.05,17.59,56.59,25.63,90.17
1990-02-23,38005.67,6.78,188.62,492.68,210.56,5.2,2157.37,21.46,77.56,20.37,88.62
1990-02-24,36642.18,7.15,255.98,536.63,304.0,2.52,1518.05,30.84,99.76,28.44,87.95
1990-02-25,36545.3,7.41,242.49,342.59,277.35,6.31,1644.1,15.0,42.32,16.87,93.81
1990-02-26,39103.43,7.18,274.92,553.89,288.3,7.85,1693.59,39.76,97.89,41.27,85.54
1990-02-27,45879.14,7.71,223.12,505.84,329.41,6.0,1887.34,37.52,86.64,51.93,83.18
1990-02-28,39201.09,8.1,195.0,496.38,403.22,6.64,1826.86,23.1,74.75,39.36,88.15
1990-03-01,43784.73,7.15,220.78,395.42,192.08,4.63,2179.83,22.73,59.58,17.91,89.71
1990-03-02,34322.98,7.25,222.72,513.5,223.2,2.01,2090.87,14.43,45.94,7.88,93.52
1990-03-03,37445.21,7.57,215.76,297.01,221.02,1.73,1999.05,20.75,41.87,21.09,90.38
1990-03-04,39336.31,7.98,255.33,516.69,213.78,4.88,1929.13,29.29,83.84,28.06,88.53
1990-03-05,42063.07,7.13,,386.28,215.71,3.61,1978.65,20.31,59.74,9.91,90.45
1990-03-06,43892.86,7.57,247.38,,262.84,3.13,1727.6,26.17,60.45,28.36,89.42
1990-03-07,44532.7,8.05,203.08,507.03,224.86,4.41,2071.44,19.96,95.85,22.4,90.17
1990-03-08,40176.9,7.0,247.25,584.84,,5.42,1677.59,33.68,93.72,36.59,86.38
1990-03-09,38316.72,7.12,221.47,470.21,261.52,2.32,2067.08,24.35,74.87,25.79,89.0
1990-03-10,41344.89,7.37,188.9,421.69,273.07,3.83,2137.23,23.6,73.0,33.49,87.51
1990-03-11,38584.04,7.34,209.47,,277.5,6.76,1942.17,20.65,46.07,24.67,90.14
1990-03-12,36775.96,7.74,220.91,583.81,293.83,2.89,,33.23,119.51,41.49,84.96
1990-03-13,38646.57,7.57,227.52,551.49,261.92,5.8,1980.06,26.74,94.39,27.25,88.25
1990-03-14,39670.09,6.97,301.52,492.05,377.36,3.77,1327.7,51.9,105.67,78.98,82.79
1990-03-15,42978.81,7.65,229.8,489.95,284.61,5.32,1960.45,26.35,71.72,19.08,88.53
1990-03-16,40383.7,7.33,214.51,376.38,177.49,6.15,1877.33,14.47,43.77,10.72,93.25
1990-03-17,41083.36,7.88,143.34,,208.33,5.61,1889.87,9.94,70.52,9.95,93.06
1990-03-18,38105.39,7.31,,355.31,178.24,5.86,2041.31,8.9,37.19,11.57,95.26
1990-03-19,41296.0,7.31,219.59,550.23,269.28,2.77,1885.05,20.16,58.41,24.56,90.82
1990-03-20,44128.67,7.66,214.34,525.7,274.95,6.17,1671.96,22.18,74.65,29.4,89.65
1990-03-21,41693.92,7.73,289.17,688.71,262.44,3.22,1871.72,33.58,101.31,20.14,88.39
1990-03-22,43039.16,7.63,228.69,431.91,366.07,4.89,1913.51,30.2,76.57,48.97,86.8
1990-03-23,38140.07,6.99,269.27,481.16,287.42,4.89,1922.99,38.39,94.19,33.75,85.74
1990-03-24,38080.06,7.66,219.95,601.47,,5.23,1932.38,30.85,88.24,41.18,85.97
1990-03-25,38387.08,7.19,221.52,563.83,215.87,5.01,2107.87,18.42,71.55,17.74,91.69
1990-03-26,37365.81,7.57,226.58,450.64,224.65,3.23,1682.79,19.07,59.95,17.77,91.58
1990-03-27,43833.52,7.07,239.28,533.98,283.09,2.48,1935.14,24.65,64.65,19.06,89.7
1990-03-28,41322.18,7.63,301.69,523.21,292.21,5.81,2157.99,51.49,117.79,58.0,82.93
1990-03-29,41802.42,7.26,153.91,529.94,192.84,4.78,1553.08,13.32,73.37,19.84,91.34
1990-03-30,41651.86,7.12,154.68,440.55,255.3,6.22,1935.93,11.32,49.77,26.07,92.68
1990-03-31,40580.22,7.71,199.26,470.29,255.97,4.43,1782.92,19.81,65.56,28.46,90.06
1990-04-01,41587.47,7.57,221.12,369.35,248.58,2.39,1825.86,31.46,65.4,36.91,85.77
1990-04-02,40704.49,7.32,254.15,509.46,233.4,5.95,,26.06,51.3,29.13,89.75
1990-04-03,41136.9,7.94,255.94,550.26,257.44,3.94,,40.15,104.64,41.6,84.31
1990-04-04,42512.99,7.37,228.23,507.44,276.64,5.01,2268.25,31.03,113.43,46.0,86.4
1990-04-05,36712.27,7.51,270.83,,280.54,3.53,1647.11,28.03,54.41,31.94,89.65
1990-04-06,35865.17,7.58,260.77,558.62,290.6,6.97,1666.08,24.26,73.88,17.15,90.7
1990-04-07,35256.98,7.31,224.61,501.85,303.85,3.19,1639.61,32.01,91.15,37.81,85.75
1990-04-08,36571.59,7.64,254.12,430.02,244.78,3.99,2245.48,29.79,65.49,25.33,88.28
1990-04-09,42158.86,7.34,239.27,479.82,249.14,4.66,1807.53,26.52,72.66,30.12,88.91
1990-04-10,39637.54,7.38,219.37,413.01,300.98,2.86,1894.87,18.24,51.29,31.26,91.69
1990-04-11,41552.45,7.91,265.67,450.71,311.55,5.0,,40.99,82.04,52.05,84.57
1990-04-12,45594.36,7.19,238.52,471.64,256.27,6.92,1711.12,30.14,83.57,30.04,87.36
1990-04-13,39047.78,6.78,224.16,574.21,298.21,3.76,1852.97,19.83,84.64,18.21,91.16
1990-04-14,41335.36,7.98,269.04,430.21,298.44,5.09,2391.65,39.87,54.94,35.85,85.18
1990-04-15,36647.91,8.26,,524.13,315.2,0.38,2178.41,9.04,63.87,14.16,93.25
1990-04-16,40216.4,7.38,179.27,460.09,348.63,4.44,1729.41,25.76,83.61,51.76,85.63
1990-04-17,39364.86,6.92,196.55,533.56,241.14,4.03,2029.51,18.71,88.1,20.43,90.48
1990-04-18,41518.59,7.41,227.52,510.58,283.42,3.27,1733.7,34.43,96.51,41.88,84.87
1990-04-19,44054.22,7.41,224.64,568.22,274.95,6.12,1544.73,30.9,111.48,36.17,86.25
1990-04-20,34759.13,7.44,170.18,448.44,256.76,,2103.9,11.19,51.38,7.7,93.43
1990-04-21,40238.57,7.17,181.75,362.39,223.58,4.23,2132.02,15.23,37.3,24.38,91.62
1990-04-22,39962.48,7.67,188.2,379.92,188.56,3.93,2109.21,15.35,42.6,14.38,91.84
1990-04-23,38838.84,7.66,313.49,457.72,271.01,1.62,1806.03,50.23,86.44,34.14,83.98
1990-04-24,37653.47,7.05,299.67,425.79,243.69,2.8,1866.64,39.41,88.11,36.75,86.85
1990-04-25,42517.0,7.71,224.26,546.06,284.71,5.94,2049.95,25.13,62.98,32.73,88.79
1990-04-26,39698.01,8.12,219.18,471.22,236.66,1.34,1978.3,17.28,67.22,18.79,92.12
1990-04-27,40380.67,7.55,181.0,648.66,209.54,3.35,1821.27,23.81,91.45,26.41,86.84
1990-04-28,38730.82,7.4,147.65,347.23,261.09,3.9,1576.19,14.05,39.84,30.57,90.48
1990-04-29,43773.08,7.46,212.36,487.16,259.86,7.12,1922.78,21.99,64.31,21.22,89.65
1990-04-30,39610.28,7.68,190.6,412.09,290.47,5.65,2115.8,20.09,66.96,23.84,89.46
1990-05-01,38616.88,6.98,231.61,474.63,374.09,3.66,1660.48,32.29,83.71,44.6,86.06
1990-05-02,42522.94,7.55,180.56,523.03,290.69,6.46,2027.75,17.41,76.29,30.19,90.36
1990-05-03,41619.83,7.38,203.06,336.69,291.49,3.39,1966.31,23.7,52.58,30.61,88.33
1990-05-04,43422.51,8.05,224.17,494.51,207.72,6.01,2050.03,23.45,73.97,23.39,89.54
1990-05-05,40821.96,7.45,224.93,597.43,189.73,2.46,2074.4,20.5,102.71,16.66,90.88
1990-05-06,39678.87,8.0,228.67,436.37,321.3,6.11,1761.11,24.35,54.14,17.17,89.35
1990-05-07,44348.03,7.17,176.84,504.29,219.76,3.89,1576.61,17.41,70.63,19.01,90.16
1990-05-08,37740.24,7.68,261.96,575.83,225.58,2.96,1793.3,28.4,91.05,27.56,89.16
1990-05-09,39674.5,7.6,205.95,496.44,,4.17,2077.83,20.82,75.61,23.9,89.89
1990-05-10,37778.36,7.24,249.2,453.44,262.26,4.92,1791.6,21.18,53.42,26.76,91.5
1990-05-11,37763.48,7.55,215.85,313.14,212.16,3.76,1761.19,20.31,47.59,22.93,90.59
1990-05-12,33764.38,7.86,161.12,503.46,230.4,5.33,1535.73,8.55,69.56,14.72,94.69
1990-05-13,40081.49,7.4,200.11,454.43,301.79,3.63,2250.53,17.29,53.74,25.74,91.36
1990-05-14,38849.33,6.99,232.89,409.33,221.36,5.43,2065.14,22.96,52.47,15.46,90.14
1990-05-15,36442.21,7.49,,506.92,206.07,5.16,2053.98,24.93,72.76,16.07,90.05
1990-05-16,38085.48,7.23,225.95,460.91,313.52,4.41,2093.55,29.58,89.35,34.63,86.91
1990-05-17,41027.59,7.4,277.53,450.84,284.55,3.84,2015.34,,81.99,44.28,85.64
1990-05-18,40966.89,7.48,248.28,508.47,220.85,4.73,1851.13,21.53,79.34,19.34,91.33
1990-05-19,43395.01,6.99,197.05,358.38,168.84,5.33,1867.25,13.86,46.9,9.27,92.97
1990-05-20,46418.93,7.02,234.1,529.01,208.8,7.59,1814.49,22.3,79.49,20.42,90.48
1990-05-21,40251.61,7.64,284.41,375.61,250.94,5.91,2426.95,42.5,64.82,36.39,85.06
1990-05-22,37369.62,7.34,294.21,444.79,316.94,5.96,2011.18,51.55,98.96,49.57,82.48
1990-05-23,34211.06,6.73,184.4,629.37,,9.13,1807.24,6.4,52.66,6.97,96.53
1990-05-24,40356.7,7.74,187.93,559.63,254.14,5.27,1993.1,18.17,54.63,20.89,90.33
1990-05-25,35471.89,7.58,261.38,465.64,274.64,5.23,1697.83,36.32,80.04,26.66,86.11
1990-05-26,35608.8,7.29,165.33,378.89,128.3,5.56,2200.9,3.69,21.05,3.85,97.77
1990-05-27,35283.12,7.1,157.84,411.21,284.18,2.99,1767.79,12.47,51.97,12.9,92.1
1990-05-28,38020.26,7.75,195.93,471.03,,3.83,2000.22,12.93,55.55,8.76,93.4
1990-05-29,42962.77,7.6,236.47,486.16,274.65,3.74,2113.2,29.04,100.41,39.04,87.72
1990-05-30,40497.46,8.21,219.92,480.66,272.99,5.47,1976.95,25.79,66.28,35.3,88.27
1990-05-31,38489.47,7.63,193.67,,301.85,4.24,1918.89,21.36,66.52,35.31,88.97
1990-06-01,34208.42,7.62,181.84,435.87,264.09,4.71,1902.16,21.08,69.52,32.48,88.41
1990-06-02,31228.53,7.45,173.42,335.76,123.46,6.13,1888.71,8.54,30.89,5.07,95.07
1990-06-03,35051.42,7.75,,403.98,197.27,5.79,1784.66,10.51,35.28,7.84,93.79
1990-06-04,37665.61,7.69,288.7,521.72,249.78,4.26,1810.1,25.63,83.41,13.41,91.12
1990-06-05,44446.53,7.88,228.03,379.45,245.75,3.5,2195.92,24.36,60.19,22.28,89.32
1990-06-06,39788.81,7.34,250.36,465.37,278.14,6.2,1878.29,42.75,108.65,47.19,82.93
1990-06-07,41279.21,7.37,195.09,407.03,283.28,5.66,1742.84,20.79,45.25,39.16,89.34
1990-06-08,35177.26,7.36,194.66,450.13,261.34,2.09,1796.74,7.47,27.4,7.84,96.16
1990-06-09,32051.84,7.74,169.07,400.88,215.41,4.03,2120.07,8.86,54.71,9.03,94.76
1990-06-10,32963.6,7.95,102.92,534.87,144.07,4.75,2035.12,5.74,67.41,6.07,94.42
1990-06-11,34994.6,7.36,156.24,484.4,217.59,5.67,2012.07,8.9,48.25,6.53,94.3
1990-06-12,44866.38,7.37,149.83,374.59,267.74,5.87,1848.5,15.12,56.31,17.69,89.91
1990-06-13,36267.16,7.59,136.13,516.74,202.02,4.93,2014.67,11.93,79.64,12.51,91.24
1990-06-14,40175.1,7.43,165.89,401.24,270.57,5.38,1771.29,15.9,38.89,28.43,90.42
1990-06-15,33290.5,7.79,243.04,392.93,269.21,4.6,1848.08,26.88,56.73,29.85,88.94
1990-06-16,37721.23,6.82,,440.99,225.1,3.49,2093.96,22.65,66.59,25.3,87.95
1990-06-17,36329.55,7.25,236.33,387.91,83.59,4.11,2074.86,17.13,49.0,6.52,92.75
1990-06-18,36012.22,7.27,214.27,502.26,174.84,4.53,1703.62,15.95,50.22,9.52,92.56
1990-06-19,37666.84,6.8,235.98,,328.12,4.45,1728.89,33.41,76.24,40.84,85.84
1990-06-20,36071.63,7.21,178.71,417.15,220.71,1.67,1921.74,12.44,48.1,17.97,93.04
1990-06-21,38299.24,7.23,221.41,400.2,147.06,3.9,2245.23,20.78,48.68,8.81,90.61
1990-06-22,33932.66,7.44,217.49,384.37,278.07,4.58,1516.89,19.92,63.11,22.12,90.84
1990-06-23,30545.15,7.83,164.63,486.57,214.12,4.08,1955.67,14.89,47.93,24.63,90.95
1990-06-24,30633.69,7.43,206.03,456.92,265.28,4.13,1624.79,12.74,44.87,14.03,93.81
1990-06-25,36290.25,7.19,214.97,550.0,238.9,5.23,1773.13,27.76,78.93,27.12,87.09
1990-06-26,41814.52,7.48,184.61,606.43,257.95,2.88,1827.11,21.42,107.68,22.34,88.4
1990-06-27,37802.07,7.81,166.18,378.81,255.69,2.06,1815.9,12.47,50.57,18.36,92.5
1990-06-28,35889.39,7.21,156.86,441.53,261.76,3.98,1793.24,7.28,48.42,7.85,95.36
1990-06-29,35437.77,7.23,190.23,332.07,318.99,5.65,1901.44,19.25,45.22,27.89,89.88
1990-06-30,37421.27,7.67,191.47,345.61,251.22,7.03,1792.95,15.29,40.97,24.16,92.01
1990-07-01,34405.76,7.43,153.91,,138.45,5.67,1607.51,7.65,35.57,9.42,95.03
1990-07-02,33818.86,7.69,191.27,346.69,240.53,2.3,2055.97,,57.49,17.58,89.44
1990-07-03,39674.52,7.5,219.01,364.44,282.66,4.15,2050.57,26.87,68.52,25.09,87.73
1990-07-04,37886.23,7.71,222.3,431.23,287.45,4.88,2068.63,30.78,77.37,35.06,86.16
1990-07-05,40130.13,7.19,247.8,341.8,205.16,4.77,1591.85,30.47,58.88,17.03,87.71
1990-07-06,34407.43,7.5,227.08,463.72,262.9,5.31,1959.78,22.06,69.96,17.36,90.28
1990-07-07,29107.4,7.44,140.16,326.17,243.26,3.12,2035.2,12.1,31.12,15.25,91.36
1990-07-08,28921.01,7.14,235.76,590.34,319.31,4.6,1693.76,27.46,93.34,39.81,88.35
1990-07-09,39282.83,7.03,166.95,379.47,180.67,5.13,1901.83,15.53,40.83,8.74,90.7
1990-07-10,40805.8,7.71,230.8,433.51,202.46,5.74,1876.75,19.88,59.3,13.24,91.39
1990-07-11,35341.52,7.39,,341.06,213.56,3.29,2268.43,,42.95,18.91,90.92
1990-07-12,33654.59,7.19,174.27,536.82,196.31,,2284.9,6.94,43.44,8.48,96.02
1990-07-13,37524.74,7.47,114.33,473.57,164.45,0.44,1567.13,4.88,55.23,4.93,95.73
1990-07-14,28743.96,7.84,164.43,401.65,,3.57,2398.79,3.29,20.08,3.09,98.0
1990-07-15,29627.4,6.82,117.5,289.88,178.04,3.71,1716.95,7.11,29.93,6.51,93.95
1990-07-16,35548.15,7.05,214.64,416.32,225.11,2.97,2096.13,19.04,47.37,22.01,91.13
1990-07-17,33741.35,7.22,242.59,340.5,197.18,4.75,2094.1,26.01,55.24,17.71,89.28
1990-07-18,35157.51,7.94,163.26,,308.53,4.42,1700.86,16.44,75.56,31.21,89.93
1990-07-19,33609.28,7.58,194.57,464.64,213.1,1.11,1998.65,16.26,65.47,16.8,91.64
1990-07-20,33451.46,7.73,,392.53,256.75,4.82,1878.49,12.92,40.37,23.8,91.24
1990-07-21,35588.93,7.16,143.78,201.01,201.48,3.11,2010.87,12.42,24.15,16.04,91.36
1990-07-22,31888.01,7.16,194.55,306.04,228.99,5.23,1946.13,21.31,43.52,14.14,89.04
1990-07-23,34858.14,7.63,174.83,440.49,215.29,2.58,2139.27,21.1,58.82,17.87,87.93
1990-07-24,28086.5,7.52,245.8,494.73,275.24,4.55,1915.08,32.52,73.81,31.71,86.77
1990-07-25,34342.47,7.66,169.71,490.82,218.26,4.08,1866.43,,41.6,11.04,93.99
1990-07-26,30889.76,7.44,,287.49,229.15,4.95,2119.21,25.51,53.88,21.1,88.1
1990-07-27,28106.43,7.58,171.83,397.95,209.51,4.69,2016.08,16.0,58.51,12.68,90.69
1990-07-28,28060.67,7.55,189.15,433.69,171.15,4.12,2046.36,4.67,36.77,5.36,97.53
1990-07-29,29947.22,7.73,147.35,249.91,204.47,2.2,1767.08,10.56,24.26,12.92,92.84
1990-07-30,35012.27,7.74,170.03,382.97,297.75,2.28,1690.95,14.67,47.05,33.56,91.37
1990-07-31,29601.16,7.01,176.49,420.24,196.0,3.62,1786.46,9.21,50.43,5.88,94.78
1990-08-01,33929.13,6.83,152.99,383.44,229.19,4.49,1775.84,8.59,38.32,6.88,94.38
1990-08-02,31321.03,7.8,198.33,260.66,258.05,3.59,2057.24,23.95,49.69,28.17,87.92
1990-08-03,30139.62,7.86,186.91,345.5,239.0,5.44,2095.2,15.81,43.41,27.98,91.54
1990-08-04,33069.02,7.19,177.85,331.23,179.37,4.08,1868.97,17.16,56.18,13.33,90.35
1990-08-05,31935.61,6.94,212.6,347.25,73.76,3.05,2186.18,4.25,17.36,2.21,98.0
1990-08-06,35654.66,7.53,218.34,335.79,215.27,4.08,2173.69,26.19,51.16,26.52,88.01
1990-08-07,32501.15,7.78,163.31,361.85,103.16,4.84,1948.68,10.29,23.46,4.17,93.7
1990-08-08,31140.33,8.04,191.24,393.6,271.38,4.99,1735.62,21.42,53.15,26.3,88.8
1990-08-09,31499.67,7.65,149.32,413.26,204.05,7.32,2215.08,13.54,57.49,18.45,90.93
1990-08-10,31254.79,7.39,161.0,339.05,227.71,3.5,1887.8,6.82,22.38,10.33,95.76
1990-08-11,30002.27,7.23,132.16,317.63,133.34,4.39,1925.23,2.64,27.94,4.0,98.0
1990-08-12,26487.21,7.5,211.64,356.34,106.31,5.14,1832.08,11.54,40.54,5.6,94.55
1990-08-13,31340.53,7.41,176.52,233.12,198.98,4.46,1722.04,16.54,29.61,21.07,90.63
1990-08-14,33083.6,7.2,165.03,418.71,196.81,3.75,1606.27,18.11,80.76,20.93,89.03
1990-08-15,40222.65,8.11,216.24,388.9,178.47,2.18,,18.33,48.81,12.13,91.52
1990-08-16,37251.84,8.04,91.5,377.73,195.65,3.73,1743.32,4.94,43.2,9.3,94.6
1990-08-17,27425.78,7.84,86.08,420.39,302.75,2.89,2511.91,5.5,42.84,24.89,93.61
1990-08-18,28076.92,7.22,177.45,202.49,207.05,1.91,1682.79,11.07,25.09,6.75,93.76
1990-08-19,24825.03,7.76,153.55,204.7,219.02,3.31,1648.52,7.93,17.02,21.12,94.84
1990-08-20,28780.55,7.69,169.12,379.87,220.92,2.93,2002.03,10.46,38.54,13.42,93.82
1990-08-21,32838.11,7.63,122.85,,260.67,5.38,2205.86,8.65,31.16,18.99,92.96
1990-08-22,35789.1,7.87,170.33,394.2,187.88,5.4,1912.92,15.1,50.66,14.22,91.14
1990-08-23,28944.43,7.69,234.33,336.07,95.3,3.14,2014.45,7.86,29.88,2.86,96.65
1990-08-24,27542.67,7.72,182.21,393.24,165.72,4.11,1531.29,10.33,39.97,4.97,94.33
1990-08-25,22026.17,7.69,152.39,,202.1,1.71,1764.5,5.38,40.7,8.0,96.47
1990-08-26,28265.83,7.6,132.99,370.6,124.31,3.76,1685.28,2.95,20.02,3.73,97.78
1990-08-27,26913.53,6.96,143.53,336.42,171.24,5.1,1520.99,11.02,35.32,10.76,92.32
1990-08-28,29860.85,7.53,91.81,225.12,159.28,5.74,1923.4,5.99,12.58,14.26,93.47
1990-08-29,29108.74,7.33,177.28,430.37,260.42,3.43,1451.43,17.08,64.02,12.58,90.37
1990-08-30,30426.71,7.12,190.99,448.31,217.97,6.08,1635.56,18.52,63.8,25.23,90.3
1990-08-31,23819.89,8.0,95.47,386.36,200.09,2.23,1792.56,2.17,28.69,6.0,97.73
1990-09-01,23665.14,8.02,120.63,265.98,190.19,2.63,1733.74,4.37,19.14,5.71,96.38
1990-09-02,34750.21,7.91,105.24,378.67,163.01,5.56,1979.28,2.36,20.75,4.89,97.76
1990-09-03,25857.66,7.58,121.01,409.84,184.89,7.01,1961.12,4.4,31.73,6.7,96.37
1990-09-04,27788.6,7.91,165.73,476.84,133.99,5.24,2078.76,6.88,28.51,4.02,95.85
1990-09-05,36890.58,7.5,92.91,310.4,91.44,4.44,2050.48,1.86,22.45,3.77,98.0
1990-09-06,39076.06,7.56,180.57,342.29,188.09,1.21,2128.16,11.35,28.45,10.19,93.71
1990-09-07,25240.68,7.17,174.75,389.05,,1.47,1899.62,9.8,33.18,10.47,94.39
1990-09-08,26634.88,7.62,132.81,327.21,213.91,4.69,1960.69,3.19,21.02,6.42,97.6
1990-09-09,29071.63,7.52,56.82,249.08,232.77,3.96,2002.3,1.8,19.4,6.98,96.84
1990-09-10,34601.75,7.11,117.9,374.57,244.11,2.84,1928.33,7.91,21.92,8.67,93.29
1990-09-11,27825.44,7.48,205.06,,139.97,4.6,1820.56,14.72,51.81,9.61,92.82
1990-09-12,30362.47,7.48,66.76,374.13,171.63,4.67,1833.51,1.34,20.22,5.15,98.0
1990-09-13,32422.83,8.04,145.11,369.92,200.71,5.92,1736.49,5.06,33.24,6.02,96.51
1990-09-14,29801.22,7.77,105.35,315.18,279.74,4.7,1984.32,6.2,19.9,18.66,94.11
1990-09-15,26364.35,7.5,168.11,423.38,224.04,6.34,1881.2,6.81,26.57,7.99,95.95
1990-09-16,27410.41,7.57,118.45,261.11,210.47,4.51,1767.37,10.5,37.14,17.82,91.13
1990-09-17,25067.69,7.51,165.42,301.45,154.15,4.33,1767.55,8.14,23.8,8.19,95.08
1990-09-18,29860.07,7.44,180.29,361.76,143.38,6.1,1657.92,9.65,31.96,5.01,94.65
1990-09-19,30099.64,7.18,226.93,426.84,221.32,3.03,2095.77,23.24,65.21,19.42,89.76
1990-09-20,30599.82,7.45,148.92,247.23,128.0,8.72,1915.72,2.98,12.36,5.35,98.0
1990-09-21,26655.47,7.28,158.64,239.23,153.62,5.06,1727.44,7.8,19.47,11.09,95.08
1990-09-22,28744.06,7.12,86.89,175.08,150.91,5.07,2061.71,3.62,13.53,4.53,95.84
1990-09-23,30698.79,7.65,182.74,324.43,230.52,5.29,1787.91,13.94,37.99,19.03,92.37
1990-09-24,29519.6,7.62,123.74,262.43,154.48,7.32,1618.7,10.25,29.96,10.31,91.72
1990-09-25,31503.02,6.96,,332.38,72.3,,2104.24,6.54,27.3,2.17,95.33
1990-09-26,30943.7,7.46,161.12,410.09,207.57,2.09,1792.58,7.23,34.32,12.51,95.51
1990-09-27,29801.29,7.8,100.64,305.77,145.22,6.61,1818.22,4.94,31.16,9.78,95.09
1990-09-28,26066.83,7.82,152.88,345.94,165.51,3.99,1908.24,9.97,24.69,4.97,93.48
1990-09-29,28201.33,7.81,172.21,295.74,151.53,4.66,2128.52,4.38,25.57,4.55,97.46
1990-09-30,27303.57,7.51,150.89,368.32,145.98,2.58,1904.01,3.02,18.95,4.38,98.0
1990-10-01,35280.0,7.25,94.39,373.27,205.57,5.29,1660.18,3.56,31.41,9.54,96.22
1990-10-02,35127.42,7.17,155.05,310.33,112.75,3.52,,8.42,18.34,6.15,94.57
1990-10-03,31913.8,7.6,187.68,351.61,161.37,4.65,1803.0,12.31,43.49,12.82,93.44
1990-10-04,27496.32,7.61,89.51,423.54,207.33,4.07,2277.58,5.04,47.01,6.22,94.37
1990-10-05,24891.16,7.89,107.24,357.25,135.94,7.39,1899.78,5.59,39.85,7.84,94.78
1990-10-06,30834.61,7.83,169.09,219.03,83.11,7.47,1452.99,9.72,19.94,2.49,94.25
1990-10-07,28405.44,7.46,150.23,367.46,188.56,4.57,1971.47,10.12,49.54,12.33,93.26
1990-10-08,30475.12,7.13,164.65,264.54,220.83,4.6,2288.92,14.65,36.66,22.05,91.1
1990-10-09,25220.21,7.4,224.78,458.26,180.09,3.94,2215.18,22.7,84.34,17.92,89.9
1990-10-10,33597.59,7.57,178.5,435.89,96.89,6.16,2266.19,7.0,32.44,7.92,96.08
1990-10-11,31220.16,7.44,178.74,371.72,208.91,4.01,1696.05,11.74,43.0,12.13,93.43
1990-10-12,24980.87,7.33,240.29,341.84,89.57,3.87,2082.43,4.81,30.68,2.69,98.0
1990-10-13,25942.72,7.58,131.57,303.46,170.21,5.97,1755.6,7.6,23.07,5.32,94.23
1990-10-14,28516.76,7.35,113.58,370.5,119.44,3.69,1944.86,3.18,34.88,6.66,97.2
1990-10-15,29312.8,7.31,166.01,316.12,119.1,4.44,1645.41,6.18,19.38,3.57,96.27
1990-10-16,29710.4,7.59,175.94,377.65,163.34,2.13,1771.11,10.87,43.74,5.78,93.82
1990-10-17,30649.97,7.38,144.63,427.17,178.09,5.56,1764.75,5.55,21.36,5.34,96.16
1990-10-18,29258.28,7.57,,314.2,149.46,7.41,2079.71,3.07,15.86,4.48,97.45
1990-10-19,28939.29,7.58,227.39,289.95,192.17,5.58,2060.14,16.14,38.03,7.82,92.9
1990-10-20,31953.27,7.16,151.7,236.91,137.75,6.69,1955.36,7.96,26.26,9.91,94.75
1990-10-21,20219.15,7.36,117.16,251.08,205.1,3.23,1629.92,5.74,19.3,6.15,95.1
1990-10-22,28650.31,7.93,184.46,216.82,185.66,4.85,1837.67,16.8,29.56,17.92,90.89
1990-10-23,31333.81,7.15,158.21,415.14,153.65,3.09,1750.78,10.74,46.19,13.97,93.21
1990-10-24,32077.6,6.87,155.75,495.82,149.28,4.16,2073.94,9.86,38.61,11.31,93.67
1990-10-25,29139.42,6.94,178.05,456.51,106.32,5.66,2135.64,11.51,54.6,5.8,93.54
1990-10-26,23464.08,7.51,103.01,222.63,180.87,4.65,2111.28,2.89,14.75,6.25,97.19
1990-10-27,28787.03,7.51,154.36,374.78,144.07,2.38,1748.96,3.5,18.74,4.32,97.73
1990-10-28,33376.97,7.46,211.59,428.81,56.54,2.53,1352.09,11.41,33.34,4.53,94.61
1990-10-29,25046.53,7.86,170.64,316.66,151.29,2.43,1546.61,7.31,27.25,11.41,95.71
1990-10-30,33694.38,6.7,150.85,375.14,146.98,5.24,2184.33,10.77,43.95,4.99,92.86
1990-10-31,30513.94,7.62,148.91,232.77,261.73,7.6,1819.75,11.65,35.61,13.12,92.18
1990-11-01,30392.28,7.97,146.15,379.69,106.51,6.54,1749.86,7.63,43.03,6.73,94.78
1990-11-02,25907.73,7.16,141.55,266.44,105.69,1.66,2228.53,3.06,14.73,3.17,97.84
1990-11-03,27142.86,7.39,131.08,342.59,212.83,6.63,2153.03,8.77,37.56,7.77,93.31
1990-11-04,32449.13,7.27,179.06,224.7,227.3,5.9,1904.89,10.03,21.24,8.55,94.4
1990-11-05,31760.94,7.23,96.09,391.51,144.92,2.18,1841.32,4.05,24.02,4.35,95.79
1990-11-06,36675.37,7.4,196.69,444.76,162.21,4.05,1873.58,15.78,64.03,7.84,91.98
1990-11-07,35417.87,7.93,155.95,323.65,221.78,6.14,1945.43,14.83,45.24,22.11,90.49
1990-11-08,32290.08,8.05,176.35,286.72,81.72,5.33,2220.01,5.87,19.93,2.45,96.67
1990-11-09,34705.14,7.4,113.71,195.39,90.19,2.54,1984.49,2.27,14.48,2.71,98.0
1990-11-10,29880.33,8.07,193.59,315.53,153.73,5.42,2045.21,10.23,20.27,7.43,94.71
1990-11-11,31460.18,7.51,193.44,298.97,239.55,1.29,2133.85,7.49,18.1,8.74,96.13
1990-11-12,29560.45,8.03,193.25,250.76,162.48,4.17,1666.06,6.15,16.55,4.87,96.82
1990-11-13,32125.1,7.47,116.49,410.72,198.92,,2050.97,6.63,25.08,9.2,94.31
1990-11-14,30250.1,7.54,201.3,353.07,248.87,4.53,1841.09,18.96,57.97,26.17,90.58
1990-11-15,34407.88,7.61,180.43,297.22,285.14,3.75,,15.15,36.89,16.51,91.61
1990-11-16,26414.16,8.45,100.14,313.83,151.95,5.83,1474.37,5.13,26.34,9.23,94.88
1990-11-17,31395.43,7.76,149.47,415.64,169.65,5.96,1696.38,4.48,36.69,5.09,97.0
1990-11-18,28898.43,7.29,165.89,388.48,255.91,6.47,2006.24,11.36,39.8,16.48,93.15
1990-11-19,34467.08,7.79,182.48,356.94,117.78,5.81,1922.76,8.26,38.33,3.53,95.47
1990-11-20,34690.1,7.39,179.12,429.17,244.89,6.12,1936.87,12.35,40.83,24.82,93.1
1990-11-21,38325.03,7.35,185.95,310.24,156.37,5.6,2290.19,5.6,15.51,4.69,96.99
1990-11-22,34160.72,7.77,,381.84,199.35,4.9,1646.18,17.53,43.44,16.49,92.08
1990-11-23,25770.61,7.51,202.82,370.14,171.47,4.63,1894.51,13.04,52.31,5.14,93.57
1990-11-24,29393.41,7.58,53.61,315.04,131.84,4.14,1960.89,1.07,24.99,3.96,98.0
1990-11-25,26508.32,7.5,145.72,384.14,134.3,,1752.75,3.13,19.27,4.03,97.85
1990-11-26,29960.36,7.6,161.01,318.91,203.4,3.07,1905.67,11.13,34.66,6.1,93.09
1990-11-27,37540.77,7.63,115.39,429.12,248.19,4.08,1580.01,7.29,67.4,14.58,93.68
1990-11-28,35352.86,6.92,182.9,437.83,201.16,4.86,2181.98,12.66,36.93,6.93,93.08
1990-11-29,30456.17,7.7,217.39,183.17,202.76,6.66,1763.68,15.68,20.04,12.44,92.79
1990-11-30,28037.36,7.21,125.83,451.03,213.02,4.44,2306.28,10.02,61.35,13.06,92.04
1990-12-01,30291.45,7.07,169.73,142.57,136.22,6.01,1893.51,13.58,14.27,9.34,92.0
1990-12-02,26980.37,7.48,128.81,318.61,216.87,6.12,2105.61,9.14,39.67,9.55,92.9
1990-12-03,30114.18,7.53,147.33,453.48,232.93,,1889.34,12.43,62.64,20.52,91.56
1990-12-04,34562.02,7.29,232.55,379.47,325.71,5.39,,32.84,66.05,49.15,85.88
1990-12-05,37531.43,7.75,164.78,304.91,195.29,4.13,1783.19,9.17,18.31,11.41,94.43
1990-12-06,35010.62,7.1,194.07,,184.26,6.48,1923.82,14.5,26.25,11.56,92.53
1990-12-07,24841.98,7.38,102.61,448.09,227.24,5.45,1963.6,4.19,33.0,8.01,95.92
1990-12-08,31749.3,7.32,227.42,229.98,222.16,2.71,1743.15,25.98,33.34,20.0,88.58
1990-12-09,31494.82,7.49,186.28,449.41,164.91,4.74,1874.99,13.1,42.47,5.64,92.97
1990-12-10,34023.32,7.58,168.82,386.56,183.37,6.97,1777.98,8.75,45.23,11.25,94.81
1990-12-11,39133.87,7.2,205.38,327.0,238.39,4.23,2359.93,16.83,35.66,20.65,91.81
1990-12-12,28540.02,7.72,138.85,375.58,180.51,5.17,1882.05,9.02,44.92,15.1,93.51
1990-12-13,32080.06,7.52,223.74,333.51,191.97,5.32,2209.05,16.99,36.54,5.76,92.41
1990-12-14,34162.2,6.93,161.26,445.83,202.28,,1860.88,3.57,29.73,6.07,97.79
1990-12-15,26769.45,6.91,159.62,424.79,235.77,5.27,1951.86,10.74,41.33,11.25,93.27
1990-12-16,36388.8,7.5,152.53,259.14,167.47,2.41,1635.73,10.94,28.34,14.82,92.83
1990-12-17,34572.95,7.43,159.46,371.32,124.33,3.56,1810.59,8.22,56.82,5.17,94.84
1990-12-18,37515.01,7.47,214.15,359.25,133.55,6.11,1942.11,13.14,35.13,5.5,93.86
1990-12-19,33710.51,7.49,201.78,516.19,166.85,5.04,2217.2,14.17,50.28,10.9,92.98
1990-12-20,36991.65,7.57,,319.5,157.16,4.04,1944.4,14.62,32.19,6.0,93.03
1990-12-21,36295.06,7.78,176.96,506.82,197.12,5.17,2176.74,17.7,72.02,8.64,90.0
1990-12-22,32916.0,7.17,189.41,380.57,143.31,4.41,2028.15,14.48,31.81,12.23,92.36
1990-12-23,33370.05,7.15,159.79,307.56,168.93,4.52,2225.48,9.64,28.94,11.96,93.97
1990-12-24,34987.36,7.17,262.55,361.61,178.3,5.49,1888.19,23.76,44.02,17.48,90.95
1990-12-25,33096.01,7.59,139.7,373.03,205.89,3.41,2378.04,9.92,33.61,6.18,92.9
1990-12-26,35693.67,7.87,241.71,345.93,288.98,4.56,1802.92,30.07,54.36,27.03,87.56
1990-12-27,34807.63,7.37,239.64,430.17,252.0,4.03,1746.71,25.23,70.23,24.7,89.47
1990-12-28,34956.38,6.75,152.22,318.13,210.78,2.12,1657.99,7.34,43.58,7.9,95.18
1990-12-29,35934.88,6.99,254.26,239.85,182.05,3.12,2366.2,22.69,33.28,17.4,91.08
1990-12-30,30210.57,7.25,214.08,371.9,187.06,6.85,2063.89,14.0,33.54,7.03,93.46
1990-12-31,34521.69,7.33,223.3,292.42,233.89,5.08,1833.18,23.53,44.58,24.09,89.46
1991-01-01,40851.66,7.38,200.36,386.11,258.02,2.51,2149.8,17.59,43.15,21.41,91.22
1991-01-02,34627.39,7.51,194.78,381.14,194.64,2.19,2037.54,12.97,39.49,8.64,93.34
1991-01-03,33520.77,7.41,189.25,372.18,229.87,4.33,2293.23,12.09,29.07,13.25,93.61
1991-01-04,35135.65,7.81,200.53,553.78,124.65,6.84,1590.43,8.37,48.53,4.54,95.83
1991-01-05,36191.1,7.3,230.09,406.05,218.34,4.22,1846.93,18.72,45.48,15.53,91.86
1991-01-06,34142.77,7.24,190.4,425.29,246.87,6.46,1807.5,16.89,50.43,15.5,91.13
1991-01-07,39605.49,7.64,162.22,303.9,212.55,5.03,1505.26,11.12,23.86,6.38,93.15
1991-01-08,39698.93,7.04,233.05,402.6,319.48,5.21,2112.07,25.55,73.98,28.09,89.04
1991-01-09,40104.0,7.62,239.43,469.45,201.83,2.5,1845.92,25.57,73.21,16.29,89.32
1991-01-10,38369.19,7.53,224.29,371.04,244.01,5.91,2047.93,25.57,50.85,26.36,88.6
1991-01-11,42229.73,7.46,217.74,486.85,220.44,4.0,2371.95,19.92,48.95,21.08,90.85
1991-01-12,33759.0,7.98,176.35,327.47,210.27,5.79,1829.35,11.26,32.44,8.57,93.61
1991-01-13,28812.76,7.31,156.31,397.6,213.38,3.28,1815.77,12.36,49.66,14.0,92.09
1991-01-14,41144.29,8.12,168.49,396.73,235.92,4.77,1923.73,14.12,43.12,24.13,91.62
1991-01-15,36466.23,7.43,151.69,469.36,281.82,5.03,2097.45,12.82,50.28,22.84,91.55
1991-01-16,38610.63,7.12,220.21,418.99,309.39,4.27,1786.66,36.38,88.99,48.53,83.48
1991-01-17,41341.39,7.52,203.16,433.21,240.0,5.11,1773.81,20.28,57.71,24.01,90.02
1991-01-18,31143.13,7.18,180.93,416.14,264.61,4.1,2111.44,16.02,43.67,12.95,91.14
1991-01-19,31319.72,7.27,87.05,369.59,189.04,3.53,1975.73,3.8,18.48,5.67,95.63
1991-01-20,30716.49,7.62,,460.89,258.8,6.91,,6.54,31.71,7.76,95.63
1991-01-21,34642.73,7.67,242.73,463.69,,6.07,1654.92,27.82,71.27,20.12,88.54
1991-01-22,39848.26,7.31,190.27,460.86,298.49,3.36,2200.25,23.24,75.23,33.0,87.78
1991-01-23,40545.78,7.8,229.11,442.84,352.59,5.35,1980.39,44.21,98.22,71.11,80.7
1991-01-24,38923.79,7.85,161.96,517.02,240.3,3.39,1747.56,14.39,67.81,18.89,91.12
1991-01-25,32389.64,7.93,251.21,425.2,134.9,2.72,1865.92,18.67,47.0,8.64,92.57
1991-01-26,28817.98,7.66,189.95,408.51,201.57,6.05,1902.65,15.17,57.61,19.59,92.01
1991-01-27,36352.42,7.91,208.08,443.19,285.35,1.94,2047.15,17.53,43.56,24.26,91.58
1991-01-28,36274.05,6.94,289.33,574.62,267.3,5.89,1628.35,33.24,102.11,29.77,88.51
1991-01-29,40566.76,7.4,271.0,382.02,266.11,4.12,1731.81,34.34,67.0,28.86,87.33
1991-01-30,41733.13,7.24,210.12,535.59,303.95,4.18,1954.59,26.23,87.25,32.11,87.51
1991-01-31,39158.37,7.54,194.19,,273.0,5.11,1880.03,15.37,26.76,22.05,92.09
1991-02-01,39551.43,7.33,193.75,465.49,293.72,5.37,2014.37,20.53,71.89,25.44,89.4
1991-02-02,37073.26,7.45,217.08,548.73,272.92,3.26,1654.1,26.74,96.85,31.88,87.68
1991-02-03,38410.93,8.06,198.46,478.48,303.65,5.58,1971.43,28.53,93.19,58.04,85.63
1991-02-04,36200.59,7.45,198.26,476.14,263.77,4.67,2118.32,20.8,53.21,27.59,89.51
1991-02-05,39268.67,7.62,273.4,444.87,300.8,2.62,1997.36,34.62,99.14,28.59,87.34
1991-02-06,40830.0,7.43,220.93,492.04,249.84,4.25,1927.82,12.97,58.43,20.57,94.13
1991-02-07,41810.94,7.52,299.48,460.35,229.18,6.57,1880.82,36.87,49.95,25.41,87.69
1991-02-08,36688.65,7.5,212.31,403.25,320.72,7.01,1733.03,28.55,65.6,29.76,86.55
1991-02-09,38540.91,7.63,265.67,426.07,246.21,5.58,1885.6,37.36,86.38,35.91,85.94
1991-02-10,36607.78,7.85,218.54,465.96,276.26,2.71,2151.94,21.2,64.23,24.02,90.3
1991-02-11,38539.15,7.99,249.65,418.19,258.0,5.24,1876.19,37.64,79.22,43.05,84.92
1991-02-12,42865.66,7.59,200.49,,238.42,5.78,1722.04,16.91,46.76,9.97,91.57
1991-02-13,34822.35,7.68,198.8,402.14,268.84,5.59,1801.55,,33.55,19.32,91.98
1991-02-14,36013.89,7.15,238.78,512.73,325.48,5.68,1940.17,29.54,79.95,36.7,87.63
1991-02-15,33969.2,7.47,247.37,503.72,273.45,5.04,1825.3,29.83,86.34,22.84,87.94
1991-02-16,30514.22,7.78,208.18,469.75,163.94,4.39,1997.06,11.21,36.69,5.02,94.62
1991-02-17,35899.77,7.76,164.54,526.69,234.77,,2004.57,11.98,66.77,18.86,92.72
1991-02-18,41660.8,7.56,171.81,484.98,336.97,1.65,2077.8,21.37,89.74,42.9,87.56
1991-02-19,40034.48,7.77,179.31,525.96,259.46,5.01,2184.71,9.7,68.0,8.87,94.59
1991-02-20,41898.08,7.65,170.16,525.33,191.52,4.78,2099.17,13.57,79.34,15.74,92.03
1991-02-21,43665.13,7.86,229.82,485.56,350.17,5.34,1713.15,29.28,90.0,55.95,87.26
1991-02-22,42883.84,7.59,255.38,434.85,283.21,2.49,1719.29,45.7,105.45,48.15,82.11
1991-02-23,37783.39,7.39,209.47,614.87,241.77,5.47,1884.85,14.57,63.51,21.56,93.04
1991-02-24,42461.63,7.6,133.56,433.71,231.63,7.58,1809.76,5.53,45.72,6.95,95.86
1991-02-25,40145.61,6.62,215.78,438.31,,4.62,1672.33,25.81,97.52,32.81,88.04
1991-02-26,38823.96,7.61,226.54,534.86,248.41,4.41,1811.66,21.04,82.24,25.09,90.71
1991-02-27,39958.69,6.41,308.31,527.52,327.85,4.96,1805.1,48.76,109.52,53.16,84.18
1991-02-28,36383.09,6.98,177.83,399.33,292.94,7.55,1765.63,19.35,64.26,40.02,89.12
1991-03-01,36653.51,7.64,205.11,556.16,266.99,2.96,1836.84,18.27,54.89,26.99,91.09
1991-03-02,37323.66,7.64,272.36,458.71,,4.8,2135.69,37.53,87.19,27.39,86.22
1991-03-03,41208.2,7.15,231.07,392.87,243.77,3.3,1939.85,27.35,55.29,15.53,88.17
1991-03-04,45417.66,7.29,244.75,573.29,310.85,3.68,2394.36,28.29,89.42,28.31,88.44
1991-03-05,37565.16,7.91,238.76,553.29,236.99,4.43,1934.1,20.04,69.03,17.96,91.61
1991-03-06,43285.24,7.35,248.93,426.24,206.24,6.52,1841.99,28.61,73.15,23.42,88.51
1991-03-07,38057.14,8.17,258.41,626.79,299.14,7.2,1900.83,38.31,118.73,47.08,85.18
1991-03-08,41085.18,7.5,192.74,528.26,287.25,5.17,1951.3,22.67,91.34,19.07,88.24
1991-03-09,38336.64,7.62,245.6,469.02,272.69,3.94,1987.05,25.63,66.1,26.76,89.57
1991-03-10,33625.81,7.99,169.4,586.23,272.67,8.24,2315.34,17.81,87.85,14.4,89.49
1991-03-11,43350.14,7.54,238.59,505.35,251.95,3.86,1730.94,25.37,83.49,17.24,89.37
1991-03-12,40195.32,7.2,242.99,511.51,313.86,3.64,2071.81,28.91,71.18,45.13,88.1
1991-03-13,40792.31,7.47,217.72,472.37,279.57,1.84,1941.55,24.84,68.76,32.83,88.59
1991-03-14,38245.31,7.49,232.24,546.79,251.87,6.59,1585.78,20.1,74.09,22.65,91.35
1991-03-15,37962.5,7.09,201.05,519.03,247.01,5.95,2054.14,20.09,71.11,22.6,90.01
1991-03-16,40266.21,7.42,179.04,474.13,344.12,8.13,2153.52,20.99,75.34,37.31,88.28
1991-03-17,38791.75,7.28,206.69,422.83,178.26,2.42,1728.56,19.78,64.71,5.35,90.43
1991-03-18,41780.43,7.78,189.99,506.35,290.78,6.69,1898.21,16.1,62.46,28.01,91.52
1991-03-19,43313.45,7.51,249.48,511.48,204.67,4.61,1554.93,28.88,86.02,20.71,88.42
1991-03-20,46561.46,7.42,200.41,427.98,278.46,5.71,1648.24,20.65,69.3,22.47,89.7
1991-03-21,40619.72,7.47,259.24,405.61,255.89,2.03,2109.61,31.49,78.66,28.53,87.85
1991-03-22,35676.27,7.57,182.69,527.65,168.73,6.7,1806.72,15.69,70.21,12.43,91.41
1991-03-23,42353.64,7.69,197.86,293.23,272.11,5.68,1678.24,22.91,42.35,34.47,88.42
1991-03-24,38522.34,7.2,198.25,494.6,240.54,4.44,1945.89,12.65,58.22,12.43,93.62
1991-03-25,44283.37,7.19,275.98,465.73,175.03,5.47,1795.52,25.74,38.58,12.78,90.67
1991-03-26,43510.76,7.83,250.63,609.72,319.12,3.35,1805.84,40.67,112.54,46.51,83.77
1991-03-27,42326.77,7.38,234.06,488.39,348.91,3.63,2047.87,32.16,73.9,40.47,86.26
1991-03-28,42802.83,7.07,252.5,556.25,343.36,3.8,1667.65,38.9,99.1,39.76,84.59
1991-03-29,46056.0,7.63,150.93,461.59,279.51,1.72,1718.93,3.16,23.08,8.39,97.9
1991-03-30,45466.68,7.64,216.73,484.44,257.37,5.79,1930.82,22.4,77.06,23.65,89.67
1991-03-31,39796.35,7.04,290.5,532.75,318.0,6.29,2093.88,47.74,136.14,56.53,83.57
1991-04-01,41479.18,7.57,234.62,467.6,345.7,3.45,2147.63,26.65,75.98,39.95,88.64
1991-04-02,45635.96,7.72,241.76,588.52,332.74,5.02,1766.99,43.86,123.73,58.49,81.86
1991-04-03,40217.39,7.61,260.88,453.83,242.25,4.1,2087.48,29.56,68.2,23.8,88.67
1991-04-04,42777.48,7.69,266.53,531.0,285.55,4.99,1743.17,25.59,69.3,27.3,90.4
1991-04-05,40134.7,7.08,154.84,554.08,283.21,3.56,2265.24,13.88,57.21,27.86,91.03
1991-04-06,40174.36,7.6,159.34,522.64,173.84,3.17,1673.25,15.75,68.58,19.58,90.11
1991-04-07,37072.55,7.41,227.84,615.12,279.23,6.08,2165.7,27.57,89.22,40.22,87.9
1991-04-08,36201.93,7.36,204.78,446.17,372.04,4.4,1768.7,20.74,71.43,35.72,89.87
1991-04-09,36147.89,7.76,285.03,421.68,310.19,7.53,2302.65,,85.3,49.56,85.96
1991-04-10,39349.4,7.94,230.31,453.08,350.48,4.57,2018.26,36.01,74.35,58.31,84.36
1991-04-11,40337.03,8.04,167.05,555.74,284.17,3.11,1696.8,17.78,80.25,29.64,89.36
1991-04-12,39255.12,7.89,179.85,523.32,259.49,6.34,1795.55,18.31,80.75,30.76,89.82
1991-04-13,44954.38,7.47,121.38,482.39,271.68,5.45,2056.24,8.33,58.4,13.87,93.14
1991-04-14,42788.37,7.61,211.61,401.0,220.54,5.59,2110.53,14.16,48.07,9.28,93.31
1991-04-15,37969.79,7.73,222.45,551.76,225.43,6.29,1885.86,16.34,70.44,16.79,92.65
1991-04-16,43283.13,7.54,223.41,430.8,337.32,3.52,1908.93,28.18,82.63,42.13,87.38
1991-04-17,41341.26,7.54,278.18,601.96,344.78,4.31,2051.67,52.78,156.36,58.26,81.03
1991-04-18,40708.72,7.75,275.69,707.51,230.08,4.24,1926.36,39.29,131.88,33.77,85.75
1991-04-19,40527.29,7.48,217.18,511.94,304.99,2.56,1641.3,23.7,82.43,35.01,89.09
1991-04-20,40824.73,7.28,141.73,513.71,249.15,4.1,1737.41,14.54,61.88,17.11,89.74
1991-04-21,38265.1,7.38,240.16,442.6,270.98,6.5,1947.02,28.99,68.54,25.21,87.93
1991-04-22,43848.12,7.69,247.15,368.71,287.85,4.86,2143.1,30.55,58.37,29.24,87.64
1991-04-23,38602.77,7.5,247.69,471.52,323.32,2.48,2223.2,39.83,101.68,42.77,83.92
1991-04-24,42358.23,7.6,273.28,441.35,284.88,2.17,2055.91,43.33,88.7,53.58,84.15
1991-04-25,49119.76,7.7,191.41,403.07,336.18,7.0,1957.46,24.18,64.14,30.01,87.36
1991-04-26,40393.75,7.39,291.8,603.56,273.29,,,,93.37,30.38,87.1
1991-04-27,43008.4,7.73,181.15,,278.99,3.53,1766.65,14.16,58.65,13.38,92.18
1991-04-28,39287.4,7.61,242.98,500.08,215.94,4.09,1869.35,21.1,52.64,14.92,91.32
1991-04-29,42117.37,7.13,166.78,470.04,361.93,2.28,1735.17,18.56,71.03,36.3,88.87
1991-04-30,41565.29,7.93,202.35,497.71,297.27,6.63,1650.25,25.68,75.17,36.39,87.31
1991-05-01,41523.72,7.35,289.97,,310.71,3.91,1966.71,51.13,131.46,49.4,82.37
1991-05-02,38672.78,7.0,220.94,497.89,197.73,6.55,1937.1,,85.8,18.25,90.39
1991-05-03,40688.77,7.19,248.72,,219.63,4.58,2037.53,23.65,66.91,14.88,90.49
1991-05-04,35816.45,7.19,220.77,,303.8,6.64,2009.22,24.34,61.25,40.09,88.98
1991-05-05,40660.95,7.52,210.75,444.91,263.45,4.89,1948.53,30.89,77.88,38.83,85.35
1991-05-06,43271.41,7.42,271.17,388.39,175.68,5.78,2011.32,30.15,55.44,10.59,88.88
1991-05-07,42465.02,7.4,224.15,366.43,319.77,5.58,1891.46,23.58,55.76,34.44,89.48
1991-05-08,40795.35,7.69,172.03,490.41,250.98,5.43,1982.58,14.68,69.39,20.11,91.46
1991-05-09,41981.77,7.6,199.35,498.89,330.34,5.02,,29.67,88.71,51.7,85.11
1991-05-10,38070.09,7.59,235.93,383.25,249.35,,1973.94,14.15,35.04,10.78,94.0
1991-05-11,40765.67,7.62,223.57,457.04,253.87,7.37,2033.68,23.92,72.31,28.36,89.3
1991-05-12,32747.79,7.68,156.77,466.99,300.07,3.14,1766.06,12.21,44.7,21.49,92.21
1991-05-13,38576.51,6.87,195.2,330.19,217.81,4.51,1910.37,14.86,44.17,10.7,92.39
1991-05-14,34950.86,7.39,209.13,434.92,224.68,4.52,1775.28,19.82,63.68,22.18,90.52
1991-05-15,36717.02,6.85,218.56,531.2,262.84,5.1,1794.7,25.89,66.8,24.37,88.15
1991-05-16,44249.92,7.51,176.23,,300.21,3.86,1675.01,10.83,43.37,10.51,93.86
1991-05-17,41210.63,7.5,191.51,386.24,189.49,4.97,2153.15,10.98,40.37,5.68,94.27
1991-05-18,35320.19,7.81,181.02,464.14,165.59,4.25,2113.14,8.48,37.65,5.64,95.31
1991-05-19,33244.88,7.86,235.35,528.27,,2.13,2007.49,23.9,73.15,8.4,89.84
1991-05-20,30191.05,7.56,245.55,528.86,226.9,4.51,2294.44,28.46,111.5,19.25,88.41
1991-05-21,38785.19,7.35,221.0,,247.48,2.85,1862.15,16.84,65.22,14.78,92.38
1991-05-22,47947.05,7.65,214.18,463.05,183.83,1.9,2506.35,22.38,67.37,20.59,89.55
1991-05-23,40937.97,7.34,225.79,437.72,228.06,4.71,1854.49,21.07,61.49,19.45,90.67
1991-05-24,36312.87,7.5,181.36,492.64,244.59,5.23,1951.04,21.33,75.2,19.34,88.24
1991-05-25,38332.08,7.8,162.77,459.48,278.01,5.29,1820.44,20.94,67.1,23.47,87.14
1991-05-26,32519.57,7.33,171.78,493.42,203.65,5.35,1974.47,10.6,53.36,6.11,93.83
1991-05-27,37634.74,7.74,191.29,476.25,323.97,1.6,2067.12,24.37,89.8,32.95,87.26
1991-05-28,40148.36,7.7,181.61,541.98,229.61,2.46,1877.22,22.53,85.39,31.95,87.59
1991-05-29,39854.1,7.21,229.75,494.79,231.86,7.46,2255.34,20.64,67.46,16.25,91.02
1991-05-30,41424.85,7.79,242.56,528.96,322.95,2.93,1947.83,23.18,73.35,35.65,90.45
1991-05-31,38437.33,7.71,150.47,,249.54,5.42,1954.1,7.38,48.68,17.17,95.09
1991-06-01,38346.48,7.53,199.82,381.57,206.34,3.47,1718.2,17.42,31.43,14.94,91.28
1991-06-02,34535.04,7.27,,314.77,226.35,4.62,1983.7,15.85,52.55,13.96,91.79
1991-06-03,40611.08,7.24,221.4,566.95,305.2,3.55,1873.19,23.04,86.07,23.19,89.6
1991-06-04,44121.06,7.34,217.78,494.42,321.26,5.34,1778.35,23.04,72.12,27.58,89.42
1991-06-05,36579.86,7.66,169.06,359.86,220.66,4.71,1744.71,13.82,49.44,13.49,91.82
1991-06-06,35761.02,7.21,168.64,415.69,246.62,3.83,2434.35,13.44,42.26,22.04,92.03
1991-06-07,40776.36,7.63,202.82,497.62,238.8,2.92,1847.3,17.94,55.83,19.24,91.15
1991-06-08,35127.23,7.13,230.68,409.77,181.46,4.9,1608.6,15.94,45.11,16.2,93.09
1991-06-09,40165.71,7.44,118.87,396.88,225.45,2.68,1760.36,7.79,44.04,21.56,93.44
1991-06-10,35938.64,7.53,217.21,548.28,239.12,5.14,1889.69,21.23,76.76,17.44,90.22
1991-06-11,42942.72,8.23,255.49,394.39,301.12,,,28.01,59.84,34.54,89.04
